id,first_name,last_name,email,denar,valuta,povr≈°ina
1,Xever,Rozzier,xrozzier0@fema.gov,$9.65,Dong,228
2,Case,Happer,chapper1@epa.gov,$1.60,Yuan Renminbi,199
3,Christine,Iorillo,ciorillo2@si.edu,$2.99,Rupee,73
4,Arri,McCaughren,amccaughren3@vinaora.com,$9.82,Yuan Renminbi,179
5,Fritz,Tolerton,ftolerton4@bigcartel.com,$3.75,Ruble,230
6,Donovan,Canario,dcanario5@hibu.com,$2.38,Yuan Renminbi,65
7,Rozina,Tittletross,rtittletross6@walmart.com,$8.05,Peso,274
8,Nata,Neagle,nneagle7@upenn.edu,$2.04,Yuan Renminbi,291
9,Eleni,Moffett,emoffett8@hubpages.com,$1.78,Euro,253
10,Cicely,Magwood,cmagwood9@spiegel.de,$9.12,Baht,222
11,Neddy,Colwell,ncolwella@booking.com,$9.71,Yuan Renminbi,263
12,Francesca,Thompson,fthompsonb@netlog.com,$5.02,Zloty,295
13,Caz,Jagielski,cjagielskic@stumbleupon.com,$5.09,Tugrik,101
14,Waldo,Alvares,walvaresd@hubpages.com,$0.95,Yuan Renminbi,231
15,Aretha,Lukasen,alukasene@latimes.com,$0.56,Lev,162
16,Stanford,Cleaveland,scleavelandf@joomla.org,$6.50,Euro,187
17,Verine,Woodrup,vwoodrupg@123-reg.co.uk,$1.78,Euro,260
18,Marcia,Terris,mterrish@webs.com,$9.25,Yuan Renminbi,176
19,Leopold,Rawsen,lrawseni@slashdot.org,$3.94,Yuan Renminbi,99
20,Garek,Vaadeland,gvaadelandj@independent.co.uk,$8.28,Rand,64
21,Decca,Pashley,dpashleyk@huffingtonpost.com,$6.78,Som,236
22,Leontine,Hylands,lhylandsl@geocities.jp,$4.60,Rupiah,68
23,Alica,Gilliard,agilliardm@xing.com,$1.23,Birr,68
24,Neilla,Nalder,nnaldern@devhub.com,$7.20,Yuan Renminbi,106
25,Langston,Bangs,lbangso@fema.gov,$2.16,Rupiah,192
26,Susi,Lambourne,slambournep@apache.org,$6.56,Euro,111
27,Muriel,O'Fielly,mofiellyq@china.com.cn,$9.47,Peso,123
28,Perice,Rikkard,prikkardr@mit.edu,$2.16,Peso,279
29,Chaunce,Molian,cmolians@amazon.com,$1.52,Euro,123
30,Jarrad,Remmer,jremmert@columbia.edu,$4.19,Yen,231
31,Freeman,Strutz,fstrutzu@issuu.com,$5.11,Yuan Renminbi,45
32,Joli,Veld,jveldv@stumbleupon.com,$5.06,Dinar,261
33,Torrie,Ralling,trallingw@loc.gov,$3.65,Somoni,273
34,Brantley,Duignan,bduignanx@aboutads.info,$6.39,Yuan Renminbi,197
35,Dominick,Biesterfeld,dbiesterfeldy@spiegel.de,$0.41,Denar,137
36,Krystal,Stoneham,kstonehamz@aboutads.info,$4.71,Yen,206
37,Filippa,Mower,fmower10@ibm.com,$3.94,Yuan Renminbi,216
38,Ruthann,Andriessen,randriessen11@bizjournals.com,$7.29,Euro,275
39,Rouvin,Gerbl,rgerbl12@unesco.org,$9.20,Ruble,52
40,Enriqueta,Hedau,ehedau13@vkontakte.ru,$0.97,Zloty,277
41,Baily,Shewery,bshewery14@umich.edu,$4.24,Yen,104
42,Joline,Lenney,jlenney15@list-manage.com,$2.63,Peso,87
43,Cary,Elintune,celintune16@merriam-webster.com,$4.43,Manat,275
44,Willi,Atrill,watrill17@4shared.com,$0.81,Yuan Renminbi,81
45,Giff,Bride,gbride18@ibm.com,$1.40,Rupee,133
46,Jerrold,Emeline,jemeline19@barnesandnoble.com,$5.62,Euro,190
47,Jo-anne,Anker,janker1a@usnews.com,$6.21,Peso,208
48,Merry,Von Welldun,mvonwelldun1b@purevolume.com,$8.25,Dong,249
49,Nita,Caldera,ncaldera1c@feedburner.com,$3.48,Yuan Renminbi,106
50,Lorettalorna,Beneyto,lbeneyto1d@bandcamp.com,$3.77,Peso,285
51,Gwenneth,O'Gormley,gogormley1e@google.com.br,$7.91,Euro,81
52,Mikel,Jahner,mjahner1f@pbs.org,$7.90,Dollar,290
53,Verla,Collister,vcollister1g@wsj.com,$1.68,Dirham,232
54,Valeda,Jeandon,vjeandon1h@statcounter.com,$6.93,Rupiah,267
55,Marget,Lohering,mlohering1i@wordpress.org,$7.72,Euro,52
56,Nell,Druitt,ndruitt1j@state.gov,$0.57,Rupiah,138
57,Sallie,Fleming,sfleming1k@redcross.org,$6.80,Real,196
58,Carmelita,Mellenby,cmellenby1l@imgur.com,$7.59,Shilling,66
59,Diego,Manuelli,dmanuelli1m@uol.com.br,$0.89,Peso,87
60,Raleigh,Russen,rrussen1n@eventbrite.com,$3.69,Euro,153
61,Dahlia,Farloe,dfarloe1o@liveinternet.ru,$6.29,Peso,169
62,Huntlee,Sumner,hsumner1p@zdnet.com,$3.87,Real,233
63,Baron,Campagne,bcampagne1q@sourceforge.net,$8.85,Rupiah,146
64,Fidel,Fullard,ffullard1r@cbsnews.com,$0.66,Euro,56
65,Valma,Faircloth,vfaircloth1s@google.cn,$5.62,Ruble,176
66,Ozzy,Privett,oprivett1t@flavors.me,$8.72,Dollar,64
67,Ollie,Roullier,oroullier1u@wufoo.com,$4.03,Yuan Renminbi,91
68,Gale,Crowne,gcrowne1v@google.co.jp,$10.00,Real,158
69,Rinaldo,O'Keefe,rokeefe1w@example.com,$6.66,Rupiah,258
70,Francyne,Margaret,fmargaret1x@histats.com,$9.75,Koruna,208
71,Berna,McSperron,bmcsperron1y@comcast.net,$8.20,Rupiah,70
72,Mendie,Currington,mcurrington1z@nasa.gov,$3.72,Denar,296
73,Eddy,Meanwell,emeanwell20@state.tx.us,$0.80,Rupiah,138
74,Ode,Rogers,orogers21@google.pl,$6.02,Baht,247
75,Vaclav,Pittwood,vpittwood22@cbsnews.com,$3.89,Ruble,284
76,Armstrong,Audley,aaudley23@nps.gov,$5.50,Koruna,94
77,Serge,Hauck,shauck24@umn.edu,$9.86,Dinar,206
78,Dell,Gittis,dgittis25@parallels.com,$0.42,Euro,76
79,Dick,Cloy,dcloy26@ca.gov,$8.91,Pound,161
80,Alejandrina,Benard,abenard27@webnode.com,$4.26,Kyat,130
81,Aubrie,Chimienti,achimienti28@flavors.me,$5.02,Yuan Renminbi,295
82,Berton,Duigan,bduigan29@godaddy.com,$8.03,Ariary,275
83,Bliss,McCarly,bmccarly2a@sourceforge.net,$8.21,Ruble,46
84,Saba,Surmeyer,ssurmeyer2b@wiley.com,$7.06,Hryvnia,212
85,Waldon,Bool,wbool2c@ocn.ne.jp,$4.44,Sol,53
86,Alane,Dadge,adadge2d@deliciousdays.com,$9.53,Rupiah,62
87,Rosabella,Ryan,rryan2e@quantcast.com,$7.67,Kuna,211
88,Tricia,Kops,tkops2f@skype.com,$0.40,Rupiah,157
89,Andrea,Lord,alord2g@rakuten.co.jp,$8.53,Peso,81
90,Shelia,Bogaert,sbogaert2h@techcrunch.com,$5.16,Krona,78
91,Berkie,Stanlock,bstanlock2i@blinklist.com,$2.53,Dollar,55
92,Arnie,Powlett,apowlett2j@washingtonpost.com,$9.91,Peso,66
93,Leda,Ashburne,lashburne2k@un.org,$7.64,Koruna,55
94,Aubrie,Kiraly,akiraly2l@ycombinator.com,$6.28,Real,238
95,Ber,Hendricks,bhendricks2m@utexas.edu,$3.75,Birr,205
96,Gertrudis,Rankcom,grankcom2n@diigo.com,$7.47,Won,212
97,Cynthie,MacIntyre,cmacintyre2o@webnode.com,$5.20,Yuan Renminbi,98
98,Flory,Tamsett,ftamsett2p@google.de,$6.91,Yuan Renminbi,159
99,Shawnee,Elson,selson2q@cmu.edu,$0.20,Yuan Renminbi,66
100,Ronica,Highton,rhighton2r@bravesites.com,$3.62,Peso,273
101,Dorise,Yarmouth,dyarmouth2s@skyrock.com,$7.48,Rupiah,98
102,Nero,Warbys,nwarbys2t@tripod.com,$3.90,Yuan Renminbi,225
103,Meagan,Paulusch,mpaulusch2u@woothemes.com,$4.17,Yuan Renminbi,63
104,Damien,Gladdin,dgladdin2v@huffingtonpost.com,$0.29,Rupiah,267
105,Marybeth,Silcox,msilcox2w@accuweather.com,$3.18,Rupiah,138
106,Tris,Merrill,tmerrill2x@virginia.edu,$2.43,Yuan Renminbi,108
107,Cece,Dunlop,cdunlop2y@mapquest.com,$4.70,Euro,230
108,Shawna,McEnhill,smcenhill2z@reddit.com,$6.32,Kuna,277
109,Torey,Windrum,twindrum30@unicef.org,$6.21,Peso,158
110,Marney,Hacking,mhacking31@live.com,$7.28,Manat,126
111,Hugues,Eastridge,heastridge32@slashdot.org,$0.35,Rupiah,274
112,Audra,Milam,amilam33@xrea.com,$7.51,Tenge,156
113,Correy,Kinavan,ckinavan34@github.io,$7.74,Yuan Renminbi,148
114,Felecia,Cowill,fcowill35@alexa.com,$7.20,Peso,167
115,Hobey,Westcot,hwestcot36@globo.com,$6.79,Naira,115
116,Mignon,Spick,mspick37@bloglovin.com,$3.50,Peso,105
117,Gisella,Pletts,gpletts38@friendfeed.com,$8.18,Yuan Renminbi,78
118,Lynnett,Carletto,lcarletto39@a8.net,$5.84,Yuan Renminbi,108
119,Gretal,Bedham,gbedham3a@china.com.cn,$9.12,Yuan Renminbi,126
120,Kelly,Asplen,kasplen3b@e-recht24.de,$4.12,Euro,139
121,Sephira,Squirrel,ssquirrel3c@bizjournals.com,$3.88,Euro,126
122,Luciano,Meyrick,lmeyrick3d@chicagotribune.com,$8.39,Dollar,195
123,Osborne,Libero,olibero3e@narod.ru,$2.29,Yuan Renminbi,253
124,Niccolo,Dedon,ndedon3f@yahoo.co.jp,$7.70,Rial,55
125,Pennie,MacAnespie,pmacanespie3g@opensource.org,$8.92,Euro,115
126,Philip,Blaase,pblaase3h@flavors.me,$8.18,Yuan Renminbi,40
127,Cass,Alessandrucci,calessandrucci3i@google.es,$1.42,Baht,219
128,Rayshell,Stelljes,rstelljes3j@ask.com,$6.20,Yuan Renminbi,185
129,Rebe,Gillcrist,rgillcrist3k@jalbum.net,$1.01,Peso,219
130,Barton,Naisey,bnaisey3l@prnewswire.com,$7.47,Euro,241
131,Madelin,Coaker,mcoaker3m@bigcartel.com,$9.48,Rupiah,160
132,Lorry,Barrott,lbarrott3n@nytimes.com,$9.08,Baht,285
133,Garrett,Thurgood,gthurgood3o@princeton.edu,$5.84,Zloty,170
134,Alta,Tolmie,atolmie3p@example.com,$0.35,Real,182
135,Mathilda,Steaning,msteaning3q@google.nl,$7.13,Yuan Renminbi,129
136,Andy,Ivel,aivel3r@blog.com,$7.44,Peso,151
137,Raddy,Sedman,rsedman3s@sogou.com,$4.52,Ruble,295
138,Neville,Ingraham,ningraham3t@ifeng.com,$5.44,Zloty,275
139,Brandea,Silwood,bsilwood3u@ow.ly,$3.56,Franc,293
140,Alis,Adamsson,aadamsson3v@china.com.cn,$2.54,Peso,182
141,Harwilll,Oake,hoake3w@purevolume.com,$2.77,Euro,220
142,Julius,Aiken,jaiken3x@furl.net,$8.65,Baht,221
143,Holli,Amthor,hamthor3y@flavors.me,$2.36,Rupiah,269
144,Sidonnie,Buswell,sbuswell3z@cisco.com,$9.54,Sol,131
145,Barbi,Meredyth,bmeredyth40@shinystat.com,$8.52,Bolivar,121
146,Gal,Olekhov,golekhov41@constantcontact.com,$8.11,Euro,167
147,Eden,Macauley,emacauley42@goo.ne.jp,$4.38,Real,115
148,Carri,Ivanchov,civanchov43@un.org,$5.39,Euro,246
149,Hi,Tryme,htryme44@myspace.com,$0.13,Pound,155
150,Bevon,Fishburn,bfishburn45@homestead.com,$2.71,Hryvnia,113
151,Vina,Eyer,veyer46@ucoz.ru,$4.66,Franc,159
152,Agnella,Hammerstone,ahammerstone47@elpais.com,$6.77,Yuan Renminbi,86
153,Zitella,Scafe,zscafe48@dedecms.com,$1.82,Zloty,291
154,Dev,Grundy,dgrundy49@flavors.me,$9.00,Naira,125
155,Grannie,Yashunin,gyashunin4a@soup.io,$7.32,Peso,100
156,Holt,Mattersey,hmattersey4b@economist.com,$3.95,Denar,282
157,Gabbey,Scolts,gscolts4c@about.com,$0.47,Euro,73
158,Robin,Neligan,rneligan4d@illinois.edu,$3.20,Leu,68
159,Kienan,Harris,kharris4e@patch.com,$0.95,Lev,86
160,Jasper,Blamire,jblamire4f@howstuffworks.com,$6.32,Zloty,218
161,Barbabas,Creddon,bcreddon4g@ucoz.com,$8.98,Ruble,271
162,Joleen,Broadberry,jbroadberry4h@usda.gov,$1.59,Rupiah,40
163,Johny,Beautyman,jbeautyman4i@fastcompany.com,$7.63,Dinar,171
164,Mikaela,Madner,mmadner4j@webeden.co.uk,$7.57,Yuan Renminbi,96
165,Carry,Emburey,cemburey4k@elpais.com,$4.24,Yuan Renminbi,84
166,Rebbecca,Raylton,rraylton4l@pinterest.com,$4.30,Euro,284
167,Vic,Giblin,vgiblin4m@google.pl,$8.36,Kuna,268
168,Merissa,Duddell,mduddell4n@noaa.gov,$0.74,Euro,192
169,Barbey,Pinke,bpinke4o@who.int,$6.48,Yuan Renminbi,174
170,Sallyanne,Mordaunt,smordaunt4p@tiny.cc,$9.75,Yuan Renminbi,111
171,Corrina,Beig,cbeig4q@rakuten.co.jp,$8.71,Rand,243
172,Lory,Yanson,lyanson4r@desdev.cn,$1.68,Yuan Renminbi,53
173,Sullivan,Admans,sadmans4s@umn.edu,$5.65,Yuan Renminbi,204
174,Meyer,Urridge,murridge4t@technorati.com,$7.68,Rupiah,215
175,Carling,Pimlett,cpimlett4u@blinklist.com,$7.17,Yuan Renminbi,123
176,Lizzy,Bedo,lbedo4v@people.com.cn,$1.37,Won,119
177,Mallory,Pietraszek,mpietraszek4w@360.cn,$2.17,Zloty,147
178,Elfrida,Paulo,epaulo4x@rediff.com,$2.88,Rupiah,287
179,Lenette,Lardez,llardez4y@surveymonkey.com,$4.33,Yuan Renminbi,64
180,Katrina,Ivel,kivel4z@seesaa.net,$7.75,Rupee,267
181,Florri,Claxton,fclaxton50@imgur.com,$0.91,Peso,188
182,Diego,Lorrie,dlorrie51@dagondesign.com,$8.97,Peso,100
183,Sella,Gotliffe,sgotliffe52@ycombinator.com,$0.67,Zloty,161
184,Melosa,Lestor,mlestor53@telegraph.co.uk,$4.73,Yuan Renminbi,51
185,Nonnah,Doers,ndoers54@dyndns.org,$9.61,Yen,131
186,Carina,Aldam,caldam55@so-net.ne.jp,$4.18,Koruna,79
187,Normie,Kline,nkline56@telegraph.co.uk,$8.87,Yuan Renminbi,72
188,Mahala,Kingston,mkingston57@narod.ru,$5.73,Yuan Renminbi,58
189,Shannah,Imort,simort58@cloudflare.com,$3.55,Peso,117
190,Sayer,Eric,seric59@arstechnica.com,$7.90,Rupiah,65
191,Babs,Sauvain,bsauvain5a@nhs.uk,$6.35,Peso,120
192,Salvatore,Hearnden,shearnden5b@imdb.com,$0.05,Rial,273
193,Pammie,Oret,poret5c@macromedia.com,$6.06,Real,138
194,Chet,MacGee,cmacgee5d@ftc.gov,$1.17,Euro,46
195,Moss,Hamblington,mhamblington5e@skype.com,$3.67,Ruble,111
196,Rana,Lared,rlared5f@topsy.com,$9.43,Shilling,45
197,Saxe,Southway,ssouthway5g@quantcast.com,$4.51,Peso,93
198,Berenice,Healing,bhealing5h@tinyurl.com,$2.65,Ruble,298
199,Tannie,Rief,trief5i@barnesandnoble.com,$1.57,Rupiah,219
200,Claudius,Sedworth,csedworth5j@oaic.gov.au,$9.13,Rupiah,225
